category,name,Rating,Rating_Count,Latitude,Longitude,Address,href
"Retirement home","Landmark Global Financial Corporation",1.0,5,43.6447507,-79.6944313,"220 Superior Blvd, Mississauga, ON L5T 2L2","https://www.google.com/maps/search/?api=1&query=Landmark+Global+Financial+Corporation,+220+Superior+Blvd,+Mississauga,+ON+L5T+2L2"
"Nursing home","Nursing Homes And Related Industries Pension Plans",1.0,7,43.839045,-79.383491,"105 Commerce Valley Dr W #310, Thornhill, ON L3T 7W3","https://www.google.com/maps/search/?api=1&query=Nursing+Homes+And+Related+Industries+Pension+Plans,+105+Commerce+Valley+Dr+W+#310,+Thornhill,+ON+L3T+7W3"
"Retirement home","Caressant Care Woodstock",1.7,23,43.1233383,-80.7429817,"81 Fyfe Ave, Woodstock, ON N4S 8Y2","https://www.google.com/maps/search/?api=1&query=Caressant+Care+Woodstock,+81+Fyfe+Ave,+Woodstock,+ON+N4S+8Y2"
"Retirement home","College View Supportive Housing Services",1.8,6,43.6601677,-79.3824043,"423 Yonge St, Toronto, ON M5B 1T2","https://www.google.com/maps/search/?api=1&query=College+View+Supportive+Housing+Services,+423+Yonge+St,+Toronto,+ON+M5B+1T2"
"Nursing home","Hillsdale Terrace",1.9,17,43.914948,-78.864509,"600 Oshawa Blvd N, Oshawa, ON L1G 5T9","https://www.google.com/maps/search/?api=1&query=Hillsdale+Terrace,+600+Oshawa+Blvd+N,+Oshawa,+ON+L1G+5T9"
"Retirement home","Caressant Care - Fergus Nursing and Retirement Home",1.9,10,43.709038,-80.369855,"450 Queen St E, Fergus, ON N1M 2Y7","https://www.google.com/maps/search/?api=1&query=Caressant+Care+-+Fergus+Nursing+and+Retirement+Home,+450+Queen+St+E,+Fergus,+ON+N1M+2Y7"
"Retirement home","Orchard Villa Retirement Residence",2.0,20,43.8463111,-79.0838603,"1955 Valley Farm Rd, Pickering, ON L1V 3R6","https://www.google.com/maps/search/?api=1&query=Orchard+Villa+Retirement+Residence,+1955+Valley+Farm+Rd,+Pickering,+ON+L1V+3R6"
"Nursing home","St. George Care Community",2.0,4,43.6725243,-79.4016131,"225 St George St, Toronto, ON M5R 2M2","https://www.google.com/maps/search/?api=1&query=St.+George+Care+Community,+225+St+George+St,+Toronto,+ON+M5R+2M2"
"Nursing home","Forest Heights Long Term Care",2.0,5,43.4286985,-80.5299735,"60 Westheights Dr, Kitchener, ON N2N 2A8","https://www.google.com/maps/search/?api=1&query=Forest+Heights+Long+Term+Care,+60+Westheights+Dr,+Kitchener,+ON+N2N+2A8"
"Nursing home","Humber Valley Terrace Long Term care",2.0,10,43.7272436,-79.5963783,"95 Humber College Blvd, Etobicoke, ON M9V 5B5","https://www.google.com/maps/search/?api=1&query=Humber+Valley+Terrace+Long+Term+care,+95+Humber+College+Blvd,+Etobicoke,+ON+M9V+5B5"
"Nursing home","Hawthorne Place Care Centre",2.1,23,43.7562266,-79.521465,"2045 Finch Ave W, North York, ON M3N 1M9","https://www.google.com/maps/search/?api=1&query=Hawthorne+Place+Care+Centre,+2045+Finch+Ave+W,+North+York,+ON+M3N+1M9"
"Nursing home","Midland Gardens Care Community",2.1,8,43.70835,-79.247493,"130 Midland Ave, Scarborough, ON M1N 4B2","https://www.google.com/maps/search/?api=1&query=Midland+Gardens+Care+Community,+130+Midland+Ave,+Scarborough,+ON+M1N+4B2"
"Retirement home","Midland Gardens Seniors Apartments Retirement Residence",2.1,17,43.70835,-79.247493,"130 Midland Ave, Scarborough, ON M1N 4E6","https://www.google.com/maps/search/?api=1&query=Midland+Gardens+Seniors+Apartments+Retirement+Residence,+130+Midland+Ave,+Scarborough,+ON+M1N+4E6"
"Nursing home","Extendicare Scarborough",2.1,7,43.7633294,-79.2103626,"3830 Lawrence Ave E, Scarborough, ON M1G 1R6","https://www.google.com/maps/search/?api=1&query=Extendicare+Scarborough,+3830+Lawrence+Ave+E,+Scarborough,+ON+M1G+1R6"
"Nursing home","Caressant Care Lindsay",2.3,4,44.3432697,-78.7503432,"240 Mary St W, Lindsay, ON K9V 5K5","https://www.google.com/maps/search/?api=1&query=Caressant+Care+Lindsay,+240+Mary+St+W,+Lindsay,+ON+K9V+5K5"
"Nursing home","PINECREST NURSING HOME",2.3,3,44.5283562,-78.5338937,"3418 Kawartha Lakes County Rd 36, Bobcaygeon, ON K0M 1A0","https://www.google.com/maps/search/?api=1&query=PINECREST+NURSING+HOME,+3418+Kawartha+Lakes+County+Rd+36,+Bobcaygeon,+ON+K0M+1A0"
"Retirement home","Janet Magee Supportive Housing",2.3,3,43.6963134,-79.3940332,"71 Merton St, Toronto, ON M4S 3A3","https://www.google.com/maps/search/?api=1&query=Janet+Magee+Supportive+Housing,+71+Merton+St,+Toronto,+ON+M4S+3A3"
"Nursing home","Rockcliffe Care Community",2.3,11,43.754685,-79.2479118,"3015 Lawrence Ave E, Scarborough, ON M1P 2V7","https://www.google.com/maps/search/?api=1&query=Rockcliffe+Care+Community,+3015+Lawrence+Ave+E,+Scarborough,+ON+M1P+2V7"
"Retirement home","Revera The Beechwood Retirement Residence",2.3,10,43.6275031,-79.6054206,"1500 Rathburn Rd E, Mississauga, ON L4W 4L7","https://www.google.com/maps/search/?api=1&query=Revera+The+Beechwood+Retirement+Residence,+1500+Rathburn+Rd+E,+Mississauga,+ON+L4W+4L7"
"Nursing home","Fox Ridge Care Community",2.4,8,43.1569102,-80.2555832,"389 West St, Brantford, ON N3R 3V9","https://www.google.com/maps/search/?api=1&query=Fox+Ridge+Care+Community,+389+West+St,+Brantford,+ON+N3R+3V9"
"Nursing home","Eatonville Care Ctr",2.4,8,43.6475946,-79.560458,"420 The East Mall, Etobicoke, ON M9B 3Z9","https://www.google.com/maps/search/?api=1&query=Eatonville+Care+Ctr,+420+The+East+Mall,+Etobicoke,+ON+M9B+3Z9"
"Nursing home","Deerwood Creek Care Community",2.5,6,43.7315963,-79.6174424,"70 Humberline Dr, Etobicoke, ON M9W 7H3","https://www.google.com/maps/search/?api=1&query=Deerwood+Creek+Care+Community,+70+Humberline+Dr,+Etobicoke,+ON+M9W+7H3"
"Nursing home","Seven Oaks",2.6,13,43.781701,-79.2031055,"9 Neilson Rd, Scarborough, ON M1E 5E1","https://www.google.com/maps/search/?api=1&query=Seven+Oaks,+9+Neilson+Rd,+Scarborough,+ON+M1E+5E1"
"Nursing home","Altamont Care Community",2.6,9,43.798541,-79.140051,"92 Island Rd, Scarborough, ON M1C 2P5","https://www.google.com/maps/search/?api=1&query=Altamont+Care+Community,+92+Island+Rd,+Scarborough,+ON+M1C+2P5"
"Nursing home","Lapointe-Fisher Nursing Home",2.6,11,43.5633885,-80.2574403,"271 Metcalfe St, Guelph, ON N1E 4Y8","https://www.google.com/maps/search/?api=1&query=Lapointe-Fisher+Nursing+Home,+271+Metcalfe+St,+Guelph,+ON+N1E+4Y8"
"Nursing home","West Park Long Term Care Center",2.6,9,43.6898203,-79.5091983,"82 Buttonwood Ave, York, ON M6M 2J5","https://www.google.com/maps/search/?api=1&query=West+Park+Long+Term+Care+Center,+82+Buttonwood+Ave,+York,+ON+M6M+2J5"
"Nursing home","Chartwell White Eagle Long Term Care Residence",2.7,3,43.6372175,-79.4390539,"138 Dowling Ave, Toronto, ON M6K 3A6","https://www.google.com/maps/search/?api=1&query=Chartwell+White+Eagle+Long+Term+Care+Residence,+138+Dowling+Ave,+Toronto,+ON+M6K+3A6"
"Nursing home","Weston Terrace Care Community",2.7,11,43.701231,-79.510148,"2005 Lawrence Ave W, York, ON M9N 3V4","https://www.google.com/maps/search/?api=1&query=Weston+Terrace+Care+Community,+2005+Lawrence+Ave+W,+York,+ON+M9N+3V4"
"Retirement home","Villa Polonia",2.7,6,43.6434246,-79.7627884,"30 Polonia Ave, Brampton, ON L6Y 0K5","https://www.google.com/maps/search/?api=1&query=Villa+Polonia,+30+Polonia+Ave,+Brampton,+ON+L6Y+0K5"
"Nursing home","Bloomington Cove Care Community",2.7,7,44.002775,-79.262898,"13621 Ninth Line, Whitchurch-Stouffville, ON L4A 3C8","https://www.google.com/maps/search/?api=1&query=Bloomington+Cove+Care+Community,+13621+Ninth+Line,+Whitchurch-Stouffville,+ON+L4A+3C8"
"Retirement home","The Rekai Centres",2.7,6,43.662669,-79.3726619,"345 Sherbourne St, Toronto, ON M5A 2S3","https://www.google.com/maps/search/?api=1&query=The+Rekai+Centres,+345+Sherbourne+St,+Toronto,+ON+M5A+2S3"
"Retirement home","Revera Donway Place Retirement Residence",2.7,10,43.7346189,-79.3404216,"8 The Donway E, North York, ON M3C 3R7","https://www.google.com/maps/search/?api=1&query=Revera+Donway+Place+Retirement+Residence,+8+The+Donway+E,+North+York,+ON+M3C+3R7"
"Nursing home","Tyndall Retirement & Nursing Home Ltd",2.7,3,43.6283445,-79.6274452,"1060 Eglinton Ave E, Mississauga, ON L4W 1K3","https://www.google.com/maps/search/?api=1&query=Tyndall+Retirement+&+Nursing+Home+Ltd,+1060+Eglinton+Ave+E,+Mississauga,+ON+L4W+1K3"
"Retirement home","Sienna Senior Living",2.8,24,43.8599859,-79.3400639,"302 Town Centre Blvd Suite 300, Markham, ON L3R 0E8","https://www.google.com/maps/search/?api=1&query=Sienna+Senior+Living,+302+Town+Centre+Blvd+Suite+300,+Markham,+ON+L3R+0E8"
"Retirement home","Caressant Care Harriston",2.8,4,43.9146241,-80.8780566,"24 Louise St, Harriston, ON N0G 1Z0","https://www.google.com/maps/search/?api=1&query=Caressant+Care+Harriston,+24+Louise+St,+Harriston,+ON+N0G+1Z0"
"Nursing home","Craiglee Nursing Home",2.8,16,43.7068564,-79.2532899,"102 Craiglee Dr, Scarborough, ON M1N 2M7","https://www.google.com/maps/search/?api=1&query=Craiglee+Nursing+Home,+102+Craiglee+Dr,+Scarborough,+ON+M1N+2M7"
"Nursing home","Kennedy Lodge Long Term Care",2.8,13,43.7626508,-79.2805622,"1400 Kennedy Rd, Scarborough, ON M1P 4V6","https://www.google.com/maps/search/?api=1&query=Kennedy+Lodge+Long+Term+Care,+1400+Kennedy+Rd,+Scarborough,+ON+M1P+4V6"
"Retirement home","Caressant Care - Listowel Nursing and Retirement Home",2.8,6,43.7234008,-80.9530602,"710 Reserve Ave S, Listowel, ON N4W 2L1","https://www.google.com/maps/search/?api=1&query=Caressant+Care+-+Listowel+Nursing+and+Retirement+Home,+710+Reserve+Ave+S,+Listowel,+ON+N4W+2L1"
"Nursing home","Queens Garden Long Term Care Residence",2.9,7,43.2612322,-79.8776774,"80 Queen St N, Hamilton, ON L8R 3P6","https://www.google.com/maps/search/?api=1&query=Queens+Garden+Long+Term+Care+Residence,+80+Queen+St+N,+Hamilton,+ON+L8R+3P6"
"Nursing home","Downsview Long Term Care",3.0,6,43.7512614,-79.4861824,"3595 Keele St, North York, ON M3J 1M7","https://www.google.com/maps/search/?api=1&query=Downsview+Long+Term+Care,+3595+Keele+St,+North+York,+ON+M3J+1M7"
"Retirement home","Tyndall Estates",3.0,2,43.6281807,-79.6279543,"1044 Eglinton Ave E, Mississauga, ON L4W 3A5","https://www.google.com/maps/search/?api=1&query=Tyndall+Estates,+1044+Eglinton+Ave+E,+Mississauga,+ON+L4W+3A5"
"Nursing home","Ehatare Retirement and Nursing Home",3.0,2,43.7755321,-79.183095,"40 Old Kingston Rd, Scarborough, ON M1E 3J5","https://www.google.com/maps/search/?api=1&query=Ehatare+Retirement+and+Nursing+Home,+40+Old+Kingston+Rd,+Scarborough,+ON+M1E+3J5"
"Retirement home","German Speaking Seniors Residence Moll Berczy House",3.0,2,43.8057618,-79.33598,"1020 McNicoll Ave, Scarborough, ON M1W 2J6","https://www.google.com/maps/search/?api=1&query=German+Speaking+Seniors+Residence+Moll+Berczy+House,+1020+McNicoll+Ave,+Scarborough,+ON+M1W+2J6"
"Nursing home","Caressant Care Nursing Home - McLaughlin Rd",3.0,2,44.3447647,-78.7610205,"114 McLaughlin Rd, Lindsay, ON K9V 6L1","https://www.google.com/maps/search/?api=1&query=Caressant+Care+Nursing+Home+-+McLaughlin+Rd,+114+McLaughlin+Rd,+Lindsay,+ON+K9V+6L1"
"Nursing home","Pinehaven Nursing Home",3.0,2,43.492687,-80.511673,"229 Lexington Rd, Waterloo, ON N2K 2E1","https://www.google.com/maps/search/?api=1&query=Pinehaven+Nursing+Home,+229+Lexington+Rd,+Waterloo,+ON+N2K+2E1"
"Retirement home","Amica On The Avenue",3.0,4,43.7058441,-79.4098753,"1066 Avenue Rd, Toronto, ON M5N 0A3","https://www.google.com/maps/search/?api=1&query=Amica+On+The+Avenue,+1066+Avenue+Rd,+Toronto,+ON+M5N+0A3"
"Retirement home","Amica Thornhill",3.0,3,43.7942561,-79.4390891,"546 Steeles Ave W, Thornhill, ON L4J 1A2","https://www.google.com/maps/search/?api=1&query=Amica+Thornhill,+546+Steeles+Ave+W,+Thornhill,+ON+L4J+1A2"
"Nursing home","Sherwood Court Long Term Care",3.0,2,43.8893184,-79.5186676,"300 Ravineview Dr, Maple, ON L6A 3P8","https://www.google.com/maps/search/?api=1&query=Sherwood+Court+Long+Term+Care,+300+Ravineview+Dr,+Maple,+ON+L6A+3P8"
"Retirement home","Parkland On The Glen",3.0,4,43.5438776,-79.6640248,"1665 The Collegeway, Mississauga, ON L5L 0A9","https://www.google.com/maps/search/?api=1&query=Parkland+On+The+Glen,+1665+The+Collegeway,+Mississauga,+ON+L5L+0A9"
"Retirement home","Sandhills Residential Community",3.0,2,43.4474871,-80.4909284,"20 St George St, Kitchener, ON N2G 2S7","https://www.google.com/maps/search/?api=1&query=Sandhills+Residential+Community,+20+St+George+St,+Kitchener,+ON+N2G+2S7"
"Retirement home","Chartwell Pine Grove Long Term Care Residence",3.0,2,43.7984552,-79.5841991,"8403 Islington Ave, Woodbridge, ON L4L 1X3","https://www.google.com/maps/search/?api=1&query=Chartwell+Pine+Grove+Long+Term+Care+Residence,+8403+Islington+Ave,+Woodbridge,+ON+L4L+1X3"
"Retirement home","Revera Trafalgar Lodge Retirement Residence",3.0,4,43.44885,-79.667878,"299 Randall St, Oakville, ON L6J 6B4","https://www.google.com/maps/search/?api=1&query=Revera+Trafalgar+Lodge+Retirement+Residence,+299+Randall+St,+Oakville,+ON+L6J+6B4"
"Retirement home","Revera Bradgate Arms Retirement Residence",3.0,2,43.6856548,-79.400665,"54 Foxbar Rd, Toronto, ON M4V 2G6","https://www.google.com/maps/search/?api=1&query=Revera+Bradgate+Arms+Retirement+Residence,+54+Foxbar+Rd,+Toronto,+ON+M4V+2G6"
"Retirement home","St. Hildas Senior Care Community",3.0,11,43.6947479,-79.4494731,"2339 Dufferin St, York, ON M6E 4Z5","https://www.google.com/maps/search/?api=1&query=St.+Hildas+Senior+Care+Community,+2339+Dufferin+St,+York,+ON+M6E+4Z5"
"Retirement home","Silverthorn Care Community",3.0,11,43.5626887,-79.6883869,"4350 Mississauga Rd, Mississauga, ON L5M 7C8","https://www.google.com/maps/search/?api=1&query=Silverthorn+Care+Community,+4350+Mississauga+Rd,+Mississauga,+ON+L5M+7C8"
"Nursing home","Elm Grove Living Centre",3.0,4,43.64017,-79.430751,"35 Elm Grove Ave, Toronto, ON M6K 2J2","https://www.google.com/maps/search/?api=1&query=Elm+Grove+Living+Centre,+35+Elm+Grove+Ave,+Toronto,+ON+M6K+2J2"
"Retirement home","Revera The Annex Retirement Residence",3.0,2,43.6717305,-79.4054863,"123 Spadina Rd, Toronto, ON M5R 2T1","https://www.google.com/maps/search/?api=1&query=Revera+The+Annex+Retirement+Residence,+123+Spadina+Rd,+Toronto,+ON+M5R+2T1"
"Retirement home","Cedarvale Terrace Long Term Care Home",3.0,9,43.685476,-79.4124884,"429 Walmer Rd, York, ON M5P 2X9","https://www.google.com/maps/search/?api=1&query=Cedarvale+Terrace+Long+Term+Care+Home,+429+Walmer+Rd,+York,+ON+M5P+2X9"
"Nursing home","Extendicare Bayview",3.0,6,43.7937487,-79.3907497,"550 Cummer Ave, North York, ON M2K 2M2","https://www.google.com/maps/search/?api=1&query=Extendicare+Bayview,+550+Cummer+Ave,+North+York,+ON+M2K+2M2"
"Nursing home","Elginwood Long Term Care",3.1,7,43.9017349,-79.4416864,"182 Yorkland St, Richmond Hill, ON L4S 2M9","https://www.google.com/maps/search/?api=1&query=Elginwood+Long+Term+Care,+182+Yorkland+St,+Richmond+Hill,+ON+L4S+2M9"
"Retirement home","Revera The Kensington Oakville Retirement Residence",3.1,7,43.4418421,-79.6726203,"25 Lakeshore Rd W, Oakville, ON L6K 1C6","https://www.google.com/maps/search/?api=1&query=Revera+The+Kensington+Oakville+Retirement+Residence,+25+Lakeshore+Rd+W,+Oakville,+ON+L6K+1C6"
"Retirement home","Seasons Retirement Communities",3.1,10,43.001938,-79.260732,"163 First Ave, Welland, ON L3C 0A3","https://www.google.com/maps/search/?api=1&query=Seasons+Retirement+Communities,+163+First+Ave,+Welland,+ON+L3C+0A3"
"Nursing home","Villa Forum Long Term Care Residence",3.1,9,43.6116468,-79.6515398,"175 Forum Dr, Mississauga, ON L4Z 4E5","https://www.google.com/maps/search/?api=1&query=Villa+Forum+Long+Term+Care+Residence,+175+Forum+Dr,+Mississauga,+ON+L4Z+4E5"
"Nursing home","Woodhall Park Care Community",3.2,6,43.7202855,-79.7832279,"10260 Kennedy Rd N, Brampton, ON L6Z 4N7","https://www.google.com/maps/search/?api=1&query=Woodhall+Park+Care+Community,+10260+Kennedy+Rd+N,+Brampton,+ON+L6Z+4N7"
"Retirement home","Seasons Retirement Communities",3.3,3,43.9071357,-78.7060333,"65 Clarington Blvd, Bowmanville, ON L1C 0A1","https://www.google.com/maps/search/?api=1&query=Seasons+Retirement+Communities,+65+Clarington+Blvd,+Bowmanville,+ON+L1C+0A1"
"Retirement home","One Kenton Place",3.3,7,43.7779388,-79.4438288,"1 Kenton Dr, Toronto, ON M2R 2H6","https://www.google.com/maps/search/?api=1&query=One+Kenton+Place,+1+Kenton+Dr,+Toronto,+ON+M2R+2H6"
"Retirement home","Chartwell Lansing Retirement Residence",3.3,8,43.7594285,-79.4233321,"10 Senlac Rd, North York, ON M2N 6P8","https://www.google.com/maps/search/?api=1&query=Chartwell+Lansing+Retirement+Residence,+10+Senlac+Rd,+North+York,+ON+M2N+6P8"
"Nursing home","Cheltenham Care Community",3.3,3,43.781915,-79.4444883,"5935 Bathurst St, North York, ON M2R 1Y8","https://www.google.com/maps/search/?api=1&query=Cheltenham+Care+Community,+5935+Bathurst+St,+North+York,+ON+M2R+1Y8"
"Nursing home","Fairview Nursing Home",3.3,7,43.6478404,-79.4284249,"14 Cross St, Toronto, ON M6J 1S8","https://www.google.com/maps/search/?api=1&query=Fairview+Nursing+Home,+14+Cross+St,+Toronto,+ON+M6J+1S8"
"Nursing home","Secord Trails Care Community",3.3,6,43.032344,-80.8831488,"263 Wonham St S, Ingersoll, ON N5C 3P6","https://www.google.com/maps/search/?api=1&query=Secord+Trails+Care+Community,+263+Wonham+St+S,+Ingersoll,+ON+N5C+3P6"
"Retirement home","Revera Kingsway Retirement Residence",3.3,7,43.6588187,-79.5144263,"4251 Dundas St W, Etobicoke, ON M8X 2Z5","https://www.google.com/maps/search/?api=1&query=Revera+Kingsway+Retirement+Residence,+4251+Dundas+St+W,+Etobicoke,+ON+M8X+2Z5"
"Nursing home","Chartwell Ballycliffe Long Term Care and Retirement Residence",3.3,3,43.850949,-79.0253385,"70 Station St, Ajax, ON L1S 1R9","https://www.google.com/maps/search/?api=1&query=Chartwell+Ballycliffe+Long+Term+Care+and+Retirement+Residence,+70+Station+St,+Ajax,+ON+L1S+1R9"
"Nursing home","Pine Meadow Nursing Home",3.3,3,44.7375315,-77.1556304,"124 Lloyd St, Northbrook, ON K0H 2G0","https://www.google.com/maps/search/?api=1&query=Pine+Meadow+Nursing+Home,+124+Lloyd+St,+Northbrook,+ON+K0H+2G0"
"Nursing home","Wellington Park Care Centre",3.3,7,43.3313938,-79.8119698,"802 Hager Ave, Burlington, ON L7S 1X2","https://www.google.com/maps/search/?api=1&query=Wellington+Park+Care+Centre,+802+Hager+Ave,+Burlington,+ON+L7S+1X2"
"Retirement home","The Wellington",3.4,5,43.2094793,-79.8796732,"1430 Upper Wellington St, Hamilton, ON L9A 5H3","https://www.google.com/maps/search/?api=1&query=The+Wellington,+1430+Upper+Wellington+St,+Hamilton,+ON+L9A+5H3"
"Nursing home","Peel Manor",3.4,12,43.7000093,-79.7812928,"525 Main St N, Brampton, ON L6X 1N9","https://www.google.com/maps/search/?api=1&query=Peel+Manor,+525+Main+St+N,+Brampton,+ON+L6X+1N9"
"Retirement home","The Dunfield Retirement Residence",3.4,12,43.7065664,-79.3949225,"77 Dunfield Ave, Toronto, ON M4S 2H3","https://www.google.com/maps/search/?api=1&query=The+Dunfield+Retirement+Residence,+77+Dunfield+Ave,+Toronto,+ON+M4S+2H3"
"Retirement home","Dom Lipa",3.4,5,43.6294884,-79.5651348,"52 Neilson Dr, Etobicoke, ON M9C 1V7","https://www.google.com/maps/search/?api=1&query=Dom+Lipa,+52+Neilson+Dr,+Etobicoke,+ON+M9C+1V7"
"Nursing home","Evans House",3.4,5,43.620158,-79.5032666,"63 Evans Ave, Etobicoke, ON M8Z 1H4","https://www.google.com/maps/search/?api=1&query=Evans+House,+63+Evans+Ave,+Etobicoke,+ON+M8Z+1H4"
"Nursing home","Heritage Green Nursing Home",3.5,11,43.193503,-79.789688,"353 Isaac Brock Drive, ON, Stoney Creek, ON L8J 2J3","https://www.google.com/maps/search/?api=1&query=Heritage+Green+Nursing+Home,+353+Isaac+Brock+Drive,+ON,+Stoney+Creek,+ON+L8J+2J3"
"Nursing home","Extendicare Brampton",3.5,13,43.6553549,-79.7356303,"7891 McLaughlin Rd, Brampton, ON L6Y 5H8","https://www.google.com/maps/search/?api=1&query=Extendicare+Brampton,+7891+McLaughlin+Rd,+Brampton,+ON+L6Y+5H8"
"Nursing home","Extendicare Mississauga",3.5,8,43.6323804,-79.7279101,"855 John Watt Blvd, Mississauga, ON L5W 1G2","https://www.google.com/maps/search/?api=1&query=Extendicare+Mississauga,+855+John+Watt+Blvd,+Mississauga,+ON+L5W+1G2"
"Retirement home","Greenview Seniors Residence - Metta Lifestyles",3.5,4,43.736349,-79.34877,"880 Lawrence Ave E, North York, ON M3C 1P6","https://www.google.com/maps/search/?api=1&query=Greenview+Seniors+Residence+-+Metta+Lifestyles,+880+Lawrence+Ave+E,+North+York,+ON+M3C+1P6"
"Retirement home","Tall Pines",3.5,8,43.7505645,-79.7424435,"1001 Peter Robertson Blvd, Brampton, ON L6R 2Y3","https://www.google.com/maps/search/?api=1&query=Tall+Pines,+1001+Peter+Robertson+Blvd,+Brampton,+ON+L6R+2Y3"
"Retirement home","Revera Constitution Place Retirement Residence",3.5,2,43.6044464,-79.592386,"3051 Constitution Blvd, Mississauga, ON L4Y 2Z1","https://www.google.com/maps/search/?api=1&query=Revera+Constitution+Place+Retirement+Residence,+3051+Constitution+Blvd,+Mississauga,+ON+L4Y+2Z1"
"Retirement home","Chartwell Grenadier Retirement Residence",3.5,6,43.6525745,-79.470853,"2100 Bloor St W, Toronto, ON M6S 1M7","https://www.google.com/maps/search/?api=1&query=Chartwell+Grenadier+Retirement+Residence,+2100+Bloor+St+W,+Toronto,+ON+M6S+1M7"
"Nursing home","Westside Long Term Care",3.5,18,43.7372798,-79.5677642,"1145 Albion Rd, Etobicoke, ON M9V 4J7","https://www.google.com/maps/search/?api=1&query=Westside+Long+Term+Care,+1145+Albion+Rd,+Etobicoke,+ON+M9V+4J7"
"Nursing home","Woodbridge Vista Care Community",3.5,12,43.7596015,-79.5977748,"5400 Steeles Ave W, Woodbridge, ON L4L 9S1","https://www.google.com/maps/search/?api=1&query=Woodbridge+Vista+Care+Community,+5400+Steeles+Ave+W,+Woodbridge,+ON+L4L+9S1"
"Retirement home","Casa Dolce Casa Inc.",3.5,24,43.7873876,-79.5749813,"7890 Pine Valley Dr, Woodbridge, ON L4L 7C4","https://www.google.com/maps/search/?api=1&query=Casa+Dolce+Casa+Inc.,+7890+Pine+Valley+Dr,+Woodbridge,+ON+L4L+7C4"
"Retirement home","Canterbury Place Retirement Residence",3.6,7,43.7721224,-79.4144005,"1 Canterbury Pl, North York, ON M2N 2N1","https://www.google.com/maps/search/?api=1&query=Canterbury+Place+Retirement+Residence,+1+Canterbury+Pl,+North+York,+ON+M2N+2N1"
"Nursing home","Fieldstone Commons Care Community",3.6,11,43.7670579,-79.2779852,"1000 Ellesmere Rd, Scarborough, ON M1P 5G2","https://www.google.com/maps/search/?api=1&query=Fieldstone+Commons+Care+Community,+1000+Ellesmere+Rd,+Scarborough,+ON+M1P+5G2"
"Retirement home","Mountainview Residence",3.6,5,43.662221,-79.919668,"222 Mountainview Rd N, Georgetown, ON L7G 3R2","https://www.google.com/maps/search/?api=1&query=Mountainview+Residence,+222+Mountainview+Rd+N,+Georgetown,+ON+L7G+3R2"
"Nursing home","Burton Manor",3.6,8,43.661394,-79.7734533,"5 Sterritt Dr, Brampton, ON L6Y 5P3","https://www.google.com/maps/search/?api=1&query=Burton+Manor,+5+Sterritt+Dr,+Brampton,+ON+L6Y+5P3"
"Retirement home","Kingsberry Place Seniors Residence",3.6,10,43.2072179,-79.8315784,"1221 Limeridge Rd E, Hamilton, ON L8W 1Y1","https://www.google.com/maps/search/?api=1&query=Kingsberry+Place+Seniors+Residence,+1221+Limeridge+Rd+E,+Hamilton,+ON+L8W+1Y1"
"Retirement home","Golden Years Nursing Home",3.6,10,43.404271,-80.354543,"704 Eagle St N, Cambridge, ON N3H 4A4","https://www.google.com/maps/search/?api=1&query=Golden+Years+Nursing+Home,+704+Eagle+St+N,+Cambridge,+ON+N3H+4A4"
"Nursing home","Tullamore Care Community",3.6,16,43.684862,-79.735939,"133 Kennedy Rd S, Brampton, ON L6W 3G3","https://www.google.com/maps/search/?api=1&query=Tullamore+Care+Community,+133+Kennedy+Rd+S,+Brampton,+ON+L6W+3G3"
"Nursing home","Revera Harold & Grace Baker Centre",3.6,5,43.698206,-79.4697775,"1 Northwestern Ave, York, ON M6M 2J7","https://www.google.com/maps/search/?api=1&query=Revera+Harold+&+Grace+Baker+Centre,+1+Northwestern+Ave,+York,+ON+M6M+2J7"
"Nursing home","Hawthorn Woods Care Community",3.7,9,43.757485,-79.68905,"9257 Goreway Dr, Brampton, ON L6P 0N5","https://www.google.com/maps/search/?api=1&query=Hawthorn+Woods+Care+Community,+9257+Goreway+Dr,+Brampton,+ON+L6P+0N5"
"Nursing home","Creedan Valley Care Community",3.7,3,44.326785,-80.099724,"143 Mary St, Creemore, ON L0M 1G0","https://www.google.com/maps/search/?api=1&query=Creedan+Valley+Care+Community,+143+Mary+St,+Creemore,+ON+L0M+1G0"
"Nursing home","Kensington Village",3.7,7,43.0215967,-81.2158882,"1340 Huron Street, London, ON N5V 3R3","https://www.google.com/maps/search/?api=1&query=Kensington+Village,+1340+Huron+Street,+London,+ON+N5V+3R3"
"Nursing home","Kensington Gardens",3.7,13,43.6582381,-79.4041011,"25 Brunswick Ave, Toronto, ON M5S 2L9","https://www.google.com/maps/search/?api=1&query=Kensington+Gardens,+25+Brunswick+Ave,+Toronto,+ON+M5S+2L9"
"Nursing home","Dundurn Place Care Centre",3.7,23,43.2563267,-79.8638138,"39 Mary St, Hamilton, ON L8R 3L8","https://www.google.com/maps/search/?api=1&query=Dundurn+Place+Care+Centre,+39+Mary+St,+Hamilton,+ON+L8R+3L8"
"Retirement home","Grace Villa Nursing Home",3.7,12,43.2115567,-79.8474338,"45 Lockton Crescent, Hamilton, ON L8V 4V5","https://www.google.com/maps/search/?api=1&query=Grace+Villa+Nursing+Home,+45+Lockton+Crescent,+Hamilton,+ON+L8V+4V5"
"Nursing home","Chartwell Gibson Long Term Care Residence",3.7,6,43.8076512,-79.3737903,"1925 Steeles Ave E, North York, ON M2H 2H3","https://www.google.com/maps/search/?api=1&query=Chartwell+Gibson+Long+Term+Care+Residence,+1925+Steeles+Ave+E,+North+York,+ON+M2H+2H3"
"Retirement home","The Maples Home For Seniors",3.7,3,43.3175562,-80.8384361,"94 William St S, Tavistock, ON N0B 2R0","https://www.google.com/maps/search/?api=1&query=The+Maples+Home+For+Seniors,+94+William+St+S,+Tavistock,+ON+N0B+2R0"
"Nursing home","Cardinal Ambrozic Houses of Providence",3.7,6,43.7122051,-79.2850295,"3276 St Clair Ave E, Scarborough, ON M1L 4T9","https://www.google.com/maps/search/?api=1&query=Cardinal+Ambrozic+Houses+of+Providence,+3276+St+Clair+Ave+E,+Scarborough,+ON+M1L+4T9"
"Retirement home","Revera The Claremont Retirement Residence",3.7,3,43.6989861,-79.3869469,"305 Balliol St, Toronto, ON M4S 3H5","https://www.google.com/maps/search/?api=1&query=Revera+The+Claremont+Retirement+Residence,+305+Balliol+St,+Toronto,+ON+M4S+3H5"
"Nursing home","Orchard Terrace Care Centre",3.7,10,43.2101423,-79.683135,"199 Glover Rd, Stoney Creek, ON L8E 5J2","https://www.google.com/maps/search/?api=1&query=Orchard+Terrace+Care+Centre,+199+Glover+Rd,+Stoney+Creek,+ON+L8E+5J2"
"Retirement home","The Village of Tansley Woods",3.7,18,43.3839358,-79.7996956,"4100 Upper Middle Rd, Burlington, ON L7M 4W8","https://www.google.com/maps/search/?api=1&query=The+Village+of+Tansley+Woods,+4100+Upper+Middle+Rd,+Burlington,+ON+L7M+4W8"
"Retirement home","Kensington Place Retirement Residence",3.7,7,43.752516,-79.4539788,"866 Sheppard Ave W, North York, ON M3H 2T5","https://www.google.com/maps/search/?api=1&query=Kensington+Place+Retirement+Residence,+866+Sheppard+Ave+W,+North+York,+ON+M3H+2T5"
"Retirement home","Markhaven Home for Seniors",3.7,9,43.8837108,-79.2542257,"54 Parkway Ave, Markham, ON L3P 2G4","https://www.google.com/maps/search/?api=1&query=Markhaven+Home+for+Seniors,+54+Parkway+Ave,+Markham,+ON+L3P+2G4"
"Nursing home","Camilla Care Community",3.8,10,43.5731058,-79.6069986,"2250 Hurontario St, Mississauga, ON L5B 1M8","https://www.google.com/maps/search/?api=1&query=Camilla+Care+Community,+2250+Hurontario+St,+Mississauga,+ON+L5B+1M8"
"Retirement home","Alexander Place",3.8,8,43.3422945,-79.9007195,"329 Parkside Dr, Waterdown, ON L0R 2H0","https://www.google.com/maps/search/?api=1&query=Alexander+Place,+329+Parkside+Dr,+Waterdown,+ON+L0R+2H0"
"Nursing home","Barnswallow Place Care Community",3.8,5,43.5929623,-80.5779573,"120 Barnswallow Dr, Elmira, ON N3B 2Y9","https://www.google.com/maps/search/?api=1&query=Barnswallow+Place+Care+Community,+120+Barnswallow+Dr,+Elmira,+ON+N3B+2Y9"
"Nursing home","Tony Stacey Centre For Veterans Care",3.8,6,43.783231,-79.163391,"59 Lawson Rd, Scarborough, ON M1C 2J1","https://www.google.com/maps/search/?api=1&query=Tony+Stacey+Centre+For+Veterans+Care,+59+Lawson+Rd,+Scarborough,+ON+M1C+2J1"
"Retirement home","The Teddington Retirement Residence",3.8,9,43.7332368,-79.4038457,"4 Teddington Park Ave, Toronto, ON M4N 2C3","https://www.google.com/maps/search/?api=1&query=The+Teddington+Retirement+Residence,+4+Teddington+Park+Ave,+Toronto,+ON+M4N+2C3"
"Nursing home","Extendicare Halton Hills",3.8,5,43.6490218,-79.947169,"9 Lindsay Crt, Georgetown, ON L7G 6G9","https://www.google.com/maps/search/?api=1&query=Extendicare+Halton+Hills,+9+Lindsay+Crt,+Georgetown,+ON+L7G+6G9"
"Nursing home","Idlewyld Manor",3.8,5,43.2360523,-79.9145486,"449 Sanatorium Road, Hamilton, ON L9C 2A7","https://www.google.com/maps/search/?api=1&query=Idlewyld+Manor,+449+Sanatorium+Road,+Hamilton,+ON+L9C+2A7"
"Nursing home","Fairview Lodge",3.9,13,43.8792087,-78.9510481,"632 Dundas St W, Whitby, ON L1N 5S3","https://www.google.com/maps/search/?api=1&query=Fairview+Lodge,+632+Dundas+St+W,+Whitby,+ON+L1N+5S3"
"Retirement home","Villa Da Vinci Retirement Residence",3.9,18,43.7666215,-79.6066048,"7371 Martin Grove Rd, Woodbridge, ON L4L 9N2","https://www.google.com/maps/search/?api=1&query=Villa+Da+Vinci+Retirement+Residence,+7371+Martin+Grove+Rd,+Woodbridge,+ON+L4L+9N2"
"Nursing home","Chartwell Woodhaven Long Term Care Residence",3.9,10,43.8855985,-79.2311838,"380 Church St, Markham, ON L6B 1E1","https://www.google.com/maps/search/?api=1&query=Chartwell+Woodhaven+Long+Term+Care+Residence,+380+Church+St,+Markham,+ON+L6B+1E1"
"Retirement home","Tapestry at Village Gate West",3.9,9,43.6439842,-79.5322005,"15 Summerland Terrace, Etobicoke, ON M9A 0B5","https://www.google.com/maps/search/?api=1&query=Tapestry+at+Village+Gate+West,+15+Summerland+Terrace,+Etobicoke,+ON+M9A+0B5"
"Nursing home","Maple Grove Care Community",3.9,14,43.7577036,-79.7548265,"215 Sunny Meadow Blvd, Brampton, ON L6R 3B5","https://www.google.com/maps/search/?api=1&query=Maple+Grove+Care+Community,+215+Sunny+Meadow+Blvd,+Brampton,+ON+L6R+3B5"
"Retirement home","Delmanor Prince Edward",3.9,32,43.6611118,-79.5099278,"4180 Dundas St W, Etobicoke, ON M8X 1X8","https://www.google.com/maps/search/?api=1&query=Delmanor+Prince+Edward,+4180+Dundas+St+W,+Etobicoke,+ON+M8X+1X8"
"Retirement home","Elim Springs Retirement Home",3.9,7,43.6413599,-79.5388734,"3838 Bloor St W, Etobicoke, ON M9B 1L1","https://www.google.com/maps/search/?api=1&query=Elim+Springs+Retirement+Home,+3838+Bloor+St+W,+Etobicoke,+ON+M9B+1L1"
"Nursing home","Mon Sheong Home for the Aged",3.9,8,43.6551632,-79.3931719,"36 D'Arcy St, Toronto, ON M5T 1J7","https://www.google.com/maps/search/?api=1&query=Mon+Sheong+Home+for+the+Aged,+36+D'Arcy+St,+Toronto,+ON+M5T+1J7"
"Nursing home","Post Inn Village",3.9,8,43.4802214,-79.7168067,"203 Georgian Dr, Oakville, ON L6H 7H9","https://www.google.com/maps/search/?api=1&query=Post+Inn+Village,+203+Georgian+Dr,+Oakville,+ON+L6H+7H9"
"Retirement home","Retirement Living at Shepherd Terrace",3.9,13,43.78255,-79.2945568,"3760 Sheppard Ave E, Scarborough, ON M1T 3K9","https://www.google.com/maps/search/?api=1&query=Retirement+Living+at+Shepherd+Terrace,+3760+Sheppard+Ave+E,+Scarborough,+ON+M1T+3K9"
"Nursing home","Mon Sheong Richmond Hill Long-Term Care Centre",3.9,45,43.9013361,-79.4431985,"11199 Yonge St, Richmond Hill, ON L4S 1L2","https://www.google.com/maps/search/?api=1&query=Mon+Sheong+Richmond+Hill+Long-Term+Care+Centre,+11199+Yonge+St,+Richmond+Hill,+ON+L4S+1L2"
"Retirement home","McCowan Retirement Residence",3.9,10,43.7382375,-79.2399393,"2881 Eglinton Ave E, Scarborough, ON M1J 0A2","https://www.google.com/maps/search/?api=1&query=McCowan+Retirement+Residence,+2881+Eglinton+Ave+E,+Scarborough,+ON+M1J+0A2"
"Retirement home","The Millwood",4.0,2,43.7030164,-79.3633922,"921 Millwood Rd, East York, ON M4G 1X2","https://www.google.com/maps/search/?api=1&query=The+Millwood,+921+Millwood+Rd,+East+York,+ON+M4G+1X2"
"Retirement home","Revera King Gardens Retirement Residence",4.0,12,43.5810359,-79.6129692,"85 King St E, Mississauga, ON L5A 4G6","https://www.google.com/maps/search/?api=1&query=Revera+King+Gardens+Retirement+Residence,+85+King+St+E,+Mississauga,+ON+L5A+4G6"
"Nursing home","The Meadows Long Term Care",4.0,5,43.21121,-80.0071435,"12 Tranquility Ave, Ancaster, ON L9G 5C2","https://www.google.com/maps/search/?api=1&query=The+Meadows+Long+Term+Care,+12+Tranquility+Ave,+Ancaster,+ON+L9G+5C2"
"Retirement home","Shepherd Village",4.0,8,43.7824079,-79.2937762,"3760 Sheppard Ave E, Scarborough, ON M1T 3K9","https://www.google.com/maps/search/?api=1&query=Shepherd+Village,+3760+Sheppard+Ave+E,+Scarborough,+ON+M1T+3K9"
"Nursing home","Caressant Care",4.0,4,43.831741,-80.530124,"215 Eliza St, Arthur, ON N0G 1A0","https://www.google.com/maps/search/?api=1&query=Caressant+Care,+215+Eliza+St,+Arthur,+ON+N0G+1A0"
"Nursing home","Bay Ridges Long Term Care",4.0,4,43.8285395,-79.0768791,"900 Sandy Beach Rd, Pickering, ON L1W 1Z4","https://www.google.com/maps/search/?api=1&query=Bay+Ridges+Long+Term+Care,+900+Sandy+Beach+Rd,+Pickering,+ON+L1W+1Z4"
"Retirement home","Revera Westney Gardens Retirement Residence",4.0,4,43.876456,-79.044227,"1010 Westney Rd N, Ajax, ON L1T 0P3","https://www.google.com/maps/search/?api=1&query=Revera+Westney+Gardens+Retirement+Residence,+1010+Westney+Rd+N,+Ajax,+ON+L1T+0P3"
"Retirement home","Presentation Manor Senior Living",4.0,4,43.7159275,-79.2830317,"61 Fairfax Crescent, Scarborough, ON M1L 1Z7","https://www.google.com/maps/search/?api=1&query=Presentation+Manor+Senior+Living,+61+Fairfax+Crescent,+Scarborough,+ON+M1L+1Z7"
"Retirement home","Eden House Care Facility Inc",4.0,3,43.5807794,-80.1678527,"5016 Wellington County Rd 29, Guelph, ON N1H 6H8","https://www.google.com/maps/search/?api=1&query=Eden+House+Care+Facility+Inc,+5016+Wellington+County+Rd+29,+Guelph,+ON+N1H+6H8"
"Retirement home","Jack Goodlad Senior Citizen Housing",4.0,2,43.7549089,-79.2490339,"3010 Lawrence Ave E, Scarborough, ON M1P 2V1","https://www.google.com/maps/search/?api=1&query=Jack+Goodlad+Senior+Citizen+Housing,+3010+Lawrence+Ave+E,+Scarborough,+ON+M1P+2V1"
"Retirement home","Revera Brookside Court & Hilltop Place Retirement Residence",4.0,6,43.8951884,-79.4126987,"980 Elgin Mills Rd E, Richmond Hill, ON L4S 1M4","https://www.google.com/maps/search/?api=1&query=Revera+Brookside+Court+&+Hilltop+Place+Retirement+Residence,+980+Elgin+Mills+Rd+E,+Richmond+Hill,+ON+L4S+1M4"
"Nursing home","The Village of Sandalwood Park",4.0,6,43.7410087,-79.7717325,"425 Great Lakes Dr, Brampton, ON L6R 2W8","https://www.google.com/maps/search/?api=1&query=The+Village+of+Sandalwood+Park,+425+Great+Lakes+Dr,+Brampton,+ON+L6R+2W8"
"Retirement home","Forestview Retirement Residence",4.0,4,43.7703642,-79.4446869,"537 Finch Ave W, North York, ON M2R 0A8","https://www.google.com/maps/search/?api=1&query=Forestview+Retirement+Residence,+537+Finch+Ave+W,+North+York,+ON+M2R+0A8"
"Nursing home","Cummer Lodge",4.0,72,43.7886923,-79.4077955,"205 Cummer Ave, North York, ON M2M 2E8","https://www.google.com/maps/search/?api=1&query=Cummer+Lodge,+205+Cummer+Ave,+North+York,+ON+M2M+2E8"
"Retirement home","Rosedale Retirement Residence",4.0,8,43.6911875,-79.7656823,"12 William St, Brampton, ON L6V 1L2","https://www.google.com/maps/search/?api=1&query=Rosedale+Retirement+Residence,+12+William+St,+Brampton,+ON+L6V+1L2"
"Retirement home","Revera Bough Beeches Place Retirement Residence",4.0,3,43.6258965,-79.6004266,"1130 Bough Beeches Blvd, Mississauga, ON L4W 4G3","https://www.google.com/maps/search/?api=1&query=Revera+Bough+Beeches+Place+Retirement+Residence,+1130+Bough+Beeches+Blvd,+Mississauga,+ON+L4W+4G3"
"Retirement home","Revera Glynnwood Retirement Residence",4.0,2,43.819828,-79.4036115,"7700 Bayview Ave, Thornhill, ON L3T 5W1","https://www.google.com/maps/search/?api=1&query=Revera+Glynnwood+Retirement+Residence,+7700+Bayview+Ave,+Thornhill,+ON+L3T+5W1"
"Nursing home","Maple Health Centre",4.0,5,43.8650797,-79.5156757,"10424 Keele St, Maple, ON L6A 2X2","https://www.google.com/maps/search/?api=1&query=Maple+Health+Centre,+10424+Keele+St,+Maple,+ON+L6A+2X2"
"Retirement home","Amica Peel Village",4.0,7,43.670056,-79.7398122,"223 Main St S, Brampton, ON L6Y 6H1","https://www.google.com/maps/search/?api=1&query=Amica+Peel+Village,+223+Main+St+S,+Brampton,+ON+L6Y+6H1"
"Nursing home","Leacock Care Centre",4.0,3,44.6066333,-79.3950558,"25 Museum Dr, Orillia, ON L3V 7T9","https://www.google.com/maps/search/?api=1&query=Leacock+Care+Centre,+25+Museum+Dr,+Orillia,+ON+L3V+7T9"
"Retirement home","Vistamere Retirement Residence",4.0,4,43.4159382,-79.7055786,"380 Sherin Dr, Oakville, ON L6L 4J3","https://www.google.com/maps/search/?api=1&query=Vistamere+Retirement+Residence,+380+Sherin+Dr,+Oakville,+ON+L6L+4J3"
"Retirement home","The Russell Hill Retirement Residence",4.0,3,43.6855409,-79.4085365,"262 St Clair Ave W, Toronto, ON M4V 1R8","https://www.google.com/maps/search/?api=1&query=The+Russell+Hill+Retirement+Residence,+262+St+Clair+Ave+W,+Toronto,+ON+M4V+1R8"
"Retirement home","Lawton Park",4.0,2,43.691882,-79.3954454,"101 Lawton Blvd, Toronto, ON M4V 1Z6","https://www.google.com/maps/search/?api=1&query=Lawton+Park,+101+Lawton+Blvd,+Toronto,+ON+M4V+1Z6"
"Nursing home","Northridge Long Term Care",4.0,4,43.4898061,-79.7140217,"496 Postridge Dr, Oakville, ON L6H 7A2","https://www.google.com/maps/search/?api=1&query=Northridge+Long+Term+Care,+496+Postridge+Dr,+Oakville,+ON+L6H+7A2"
"Retirement home","Revera Appleby Place Retirement Residence",4.0,2,43.3681754,-79.7556192,"500 Appleby Line, Burlington, ON L7L 5Z6","https://www.google.com/maps/search/?api=1&query=Revera+Appleby+Place+Retirement+Residence,+500+Appleby+Line,+Burlington,+ON+L7L+5Z6"
"Retirement home","St. Bernard's Residence",4.0,6,43.7706319,-79.4568524,"685 Finch Ave W, North York, ON M2R 1P2","https://www.google.com/maps/search/?api=1&query=St.+Bernard's+Residence,+685+Finch+Ave+W,+North+York,+ON+M2R+1P2"
"Retirement home","Seasons Retirement Communities",4.0,6,43.4933994,-79.868575,"760 Bronte St S, Milton, ON L9T 8X4","https://www.google.com/maps/search/?api=1&query=Seasons+Retirement+Communities,+760+Bronte+St+S,+Milton,+ON+L9T+8X4"
"Retirement home","The Barrieview Retirement Community",4.0,4,44.3411173,-79.68416,"3 Concert Way, Barrie, ON L4N 6N5","https://www.google.com/maps/search/?api=1&query=The+Barrieview+Retirement+Community,+3+Concert+Way,+Barrie,+ON+L4N+6N5"
"Nursing home","Norfinch Care Community Nursing Home",4.1,7,43.756504,-79.526242,"22 Norfinch Dr, North York, ON M3N 1X1","https://www.google.com/maps/search/?api=1&query=Norfinch+Care+Community+Nursing+Home,+22+Norfinch+Dr,+North+York,+ON+M3N+1X1"
"Retirement home","Delmanor Elgin Mills",4.1,28,43.8905028,-79.4388941,"80 Elgin Mills Rd E, Richmond Hill, ON L4C 0L3","https://www.google.com/maps/search/?api=1&query=Delmanor+Elgin+Mills,+80+Elgin+Mills+Rd+E,+Richmond+Hill,+ON+L4C+0L3"
"Retirement home","Hazelton Place Retirement Residence",4.1,7,43.6731537,-79.3957697,"111 Avenue Rd, Toronto, ON M5R 3J8","https://www.google.com/maps/search/?api=1&query=Hazelton+Place+Retirement+Residence,+111+Avenue+Rd,+Toronto,+ON+M5R+3J8"
"Retirement home","Woodhall Park Retirement Village",4.1,18,43.7202763,-79.7829299,"10250 Kennedy Rd N, Brampton, ON L6Z 4N7","https://www.google.com/maps/search/?api=1&query=Woodhall+Park+Retirement+Village,+10250+Kennedy+Rd+N,+Brampton,+ON+L6Z+4N7"
"Retirement home","Revera Birkdale Place Retirement Residence",4.1,11,43.5002874,-79.8670623,"611 Farmstead Dr, Milton, ON L9T 7Y8","https://www.google.com/maps/search/?api=1&query=Revera+Birkdale+Place+Retirement+Residence,+611+Farmstead+Dr,+Milton,+ON+L9T+7Y8"
"Nursing home","The O'Neill Centre Long Term Care",4.1,7,43.6647536,-79.4186853,"33 Christie St, Toronto, ON M6G 3B1","https://www.google.com/maps/search/?api=1&query=The+O'Neill+Centre+Long+Term+Care,+33+Christie+St,+Toronto,+ON+M6G+3B1"
"Retirement home","Cedarbrook Lodge Retirement Residence",4.1,13,43.7547332,-79.2248583,"520 Markham Rd, Scarborough, ON M1H 3A1","https://www.google.com/maps/search/?api=1&query=Cedarbrook+Lodge+Retirement+Residence,+520+Markham+Rd,+Scarborough,+ON+M1H+3A1"
"Nursing home","Ina Grafton Gage Home",4.1,7,43.7057287,-79.2770707,"40 Bell Estate Rd, Scarborough, ON M1L 0E2","https://www.google.com/maps/search/?api=1&query=Ina+Grafton+Gage+Home,+40+Bell+Estate+Rd,+Scarborough,+ON+M1L+0E2"
"Nursing home","Chartwell Westbury Long Term Care Residence",4.2,6,43.648332,-79.5678611,"495 The West Mall, Etobicoke, ON M9C 5S3","https://www.google.com/maps/search/?api=1&query=Chartwell+Westbury+Long+Term+Care+Residence,+495+The+West+Mall,+Etobicoke,+ON+M9C+5S3"
"Retirement home","Chartwell Valley Vista Retirement Residence",4.2,14,43.8594637,-79.4820517,"600 Valley Vista Dr, Maple, ON L6A 4H2","https://www.google.com/maps/search/?api=1&query=Chartwell+Valley+Vista+Retirement+Residence,+600+Valley+Vista+Dr,+Maple,+ON+L6A+4H2"
"Retirement home","The Wexford",4.2,5,43.7439691,-79.3034557,"1860 Lawrence Ave E, Scarborough, ON M1R 5B1","https://www.google.com/maps/search/?api=1&query=The+Wexford,+1860+Lawrence+Ave+E,+Scarborough,+ON+M1R+5B1"
"Retirement home","Belmont House",4.2,5,43.6746033,-79.3910664,"55 Belmont St, Toronto, ON M5R 1R1","https://www.google.com/maps/search/?api=1&query=Belmont+House,+55+Belmont+St,+Toronto,+ON+M5R+1R1"
"Retirement home","Signature Retirement Living",4.2,13,43.6886687,-79.3932763,"22 St Clair Ave E #1200, Toronto, ON M4T 2S3","https://www.google.com/maps/search/?api=1&query=Signature+Retirement+Living,+22+St+Clair+Ave+E+#1200,+Toronto,+ON+M4T+2S3"
"Retirement home","Chartwell Robert Speck Retirement Residence",4.2,16,43.597588,-79.6337034,"100 Robert Speck Pkwy, Mississauga, ON L4Z 0A1","https://www.google.com/maps/search/?api=1&query=Chartwell+Robert+Speck+Retirement+Residence,+100+Robert+Speck+Pkwy,+Mississauga,+ON+L4Z+0A1"
"Retirement home","King Nursing Home LTD",4.2,5,43.879359,-79.740596,"49 Sterne St, Bolton, ON L7E 1B7","https://www.google.com/maps/search/?api=1&query=King+Nursing+Home+LTD,+49+Sterne+St,+Bolton,+ON+L7E+1B7"
"Nursing home","Allendale Long Term Care Facility",4.2,6,43.5158062,-79.8722216,"185 Ontario St S, Milton, ON L9T 2M4","https://www.google.com/maps/search/?api=1&query=Allendale+Long+Term+Care+Facility,+185+Ontario+St+S,+Milton,+ON+L9T+2M4"
"Retirement home","Credit River Retirement Residence",4.2,18,43.5808679,-79.7172108,"175 Rutledge Rd, Mississauga, ON L5M 0X7","https://www.google.com/maps/search/?api=1&query=Credit+River+Retirement+Residence,+175+Rutledge+Rd,+Mississauga,+ON+L5M+0X7"
"Nursing home","Saugeen Valley Nursing Center",4.2,5,43.9751346,-80.7393475,"465 Dublin St, Mount Forest, ON N0G 2L3","https://www.google.com/maps/search/?api=1&query=Saugeen+Valley+Nursing+Center,+465+Dublin+St,+Mount+Forest,+ON+N0G+2L3"
"Retirement home","Clarion Nursing Home",4.3,3,43.2203713,-79.728168,"337 Hamilton Regional Rd 8, Stoney Creek, ON L8G 1E7","https://www.google.com/maps/search/?api=1&query=Clarion+Nursing+Home,+337+Hamilton+Regional+Rd+8,+Stoney+Creek,+ON+L8G+1E7"
"Nursing home","Chartwell Willowgrove Long Term Care Residence",4.3,4,43.2334308,-79.9353602,"1217 Old Mohawk Rd, Hamilton, ON L9K 1P6","https://www.google.com/maps/search/?api=1&query=Chartwell+Willowgrove+Long+Term+Care+Residence,+1217+Old+Mohawk+Rd,+Hamilton,+ON+L9K+1P6"
"Nursing home","Parkview Home",4.3,30,43.9654061,-79.258981,"123 Weldon Rd, Whitchurch-Stouffville, ON L4A 0G8","https://www.google.com/maps/search/?api=1&query=Parkview+Home,+123+Weldon+Rd,+Whitchurch-Stouffville,+ON+L4A+0G8"
"Nursing home","Dufferin Oaks Long Term Care",4.3,3,44.0765367,-80.2000202,"151 Centre St, Shelburne, ON L9V 3R7","https://www.google.com/maps/search/?api=1&query=Dufferin+Oaks+Long+Term+Care,+151+Centre+St,+Shelburne,+ON+L9V+3R7"
"Retirement home","Bay Haven Care Community",4.3,27,44.499563,-80.197975,"499 Hume St, Collingwood, ON L9Y 4H8","https://www.google.com/maps/search/?api=1&query=Bay+Haven+Care+Community,+499+Hume+St,+Collingwood,+ON+L9Y+4H8"
"Nursing home","Villa Leonardo Gambin",4.3,8,43.7660645,-79.5742469,"40 Friuli Ct, Woodbridge, ON L4L 9T3","https://www.google.com/maps/search/?api=1&query=Villa+Leonardo+Gambin,+40+Friuli+Ct,+Woodbridge,+ON+L4L+9T3"
"Retirement home","Heritage Place",4.3,3,43.3798831,-79.8013158,"4151 Kilmer Dr, Burlington, ON L7M 5A9","https://www.google.com/maps/search/?api=1&query=Heritage+Place,+4151+Kilmer+Dr,+Burlington,+ON+L7M+5A9"
"Retirement home","Four Elms Retirement Residence",4.3,7,43.7876919,-79.4696943,"1500 Steeles Ave W, Thornhill, ON L4J 4H6","https://www.google.com/maps/search/?api=1&query=Four+Elms+Retirement+Residence,+1500+Steeles+Ave+W,+Thornhill,+ON+L4J+4H6"
"Retirement home","Revera Forest Hill Place Retirement Residence",4.3,7,43.7062115,-79.4252457,"645 Castlefield Ave, Toronto, ON M5N 3A5","https://www.google.com/maps/search/?api=1&query=Revera+Forest+Hill+Place+Retirement+Residence,+645+Castlefield+Ave,+Toronto,+ON+M5N+3A5"
"Nursing home","Union Villa Long-Term Care",4.3,3,43.8612072,-79.3146007,"4300 Hwy 7, Markham, ON L3R 1L8","https://www.google.com/maps/search/?api=1&query=Union+Villa+Long-Term+Care,+4300+Hwy+7,+Markham,+ON+L3R+1L8"
"Nursing home","Wellington Terrace",4.3,3,43.6962663,-80.4005996,"474 Charles Allan Way, Fergus, ON N1M 0A1","https://www.google.com/maps/search/?api=1&query=Wellington+Terrace,+474+Charles+Allan+Way,+Fergus,+ON+N1M+0A1"
"Retirement home","Holland Christian Homes",4.3,18,43.654817,-79.7427222,"7900 McLaughlin Rd, Brampton, ON L6Y 5A7","https://www.google.com/maps/search/?api=1&query=Holland+Christian+Homes,+7900+McLaughlin+Rd,+Brampton,+ON+L6Y+5A7"
"Nursing home","North Parking Nursing Home",4.3,3,43.7174385,-79.4821257,"475 Rustic Rd, Toronto, ON M6L 1W9","https://www.google.com/maps/search/?api=1&query=North+Parking+Nursing+Home,+475+Rustic+Rd,+Toronto,+ON+M6L+1W9"
"Nursing home","Winbourne Park Long Term Care",4.3,3,43.8770845,-79.0444626,"1020 Westney Rd N, Ajax, ON L1T 4K6","https://www.google.com/maps/search/?api=1&query=Winbourne+Park+Long+Term+Care,+1020+Westney+Rd+N,+Ajax,+ON+L1T+4K6"
"Retirement home","True Davidson Acres Home for the Aged",4.3,8,43.6960516,-79.2984027,"200 Dawes Rd, East York, ON M4C 5M8","https://www.google.com/maps/search/?api=1&query=True+Davidson+Acres+Home+for+the+Aged,+200+Dawes+Rd,+East+York,+ON+M4C+5M8"
"Retirement home","Harmony Hill Retirement Community",4.4,8,43.9418298,-78.8352247,"1335 Benson St, Oshawa, ON L1K 0W6","https://www.google.com/maps/search/?api=1&query=Harmony+Hill+Retirement+Community,+1335+Benson+St,+Oshawa,+ON+L1K+0W6"
"Retirement home","Chartwell Waterford Retirement Residence",4.4,13,43.4279669,-79.7630809,"2160 Baronwood Dr, Oakville, ON L6M 0Y1","https://www.google.com/maps/search/?api=1&query=Chartwell+Waterford+Retirement+Residence,+2160+Baronwood+Dr,+Oakville,+ON+L6M+0Y1"
"Retirement home","Wyndham Manor - Extendicare",4.4,7,43.4524417,-79.6726872,"291 Reynolds St, Oakville, ON L6J 3L5","https://www.google.com/maps/search/?api=1&query=Wyndham+Manor+-+Extendicare,+291+Reynolds+St,+Oakville,+ON+L6J+3L5"
"Retirement home","Chartwell Oakville Retirement Residence",4.4,23,43.48075,-79.717541,"180 Oak Park Blvd, Oakville, ON L6H 0A6","https://www.google.com/maps/search/?api=1&query=Chartwell+Oakville+Retirement+Residence,+180+Oak+Park+Blvd,+Oakville,+ON+L6H+0A6"
"Retirement home","Amica Erin Mills",4.4,14,43.5494581,-79.7164561,"4620 Kimbermount Ave, Mississauga, ON L5M 5W5","https://www.google.com/maps/search/?api=1&query=Amica+Erin+Mills,+4620+Kimbermount+Ave,+Mississauga,+ON+L5M+5W5"
"Retirement home","Delmanor Glen Abbey",4.4,18,43.4452424,-79.7307906,"1459 Nottinghill Gate, Oakville, ON L6M 4W1","https://www.google.com/maps/search/?api=1&query=Delmanor+Glen+Abbey,+1459+Nottinghill+Gate,+Oakville,+ON+L6M+4W1"
"Retirement home","Revera Greenway Retirement Residence",4.4,39,43.6922083,-79.7639984,"100 Ken Whillans Dr, Brampton, ON L6V 0A4","https://www.google.com/maps/search/?api=1&query=Revera+Greenway+Retirement+Residence,+100+Ken+Whillans+Dr,+Brampton,+ON+L6V+0A4"
"Retirement home","Chartwell Pickering City Centre Retirement Residence",4.4,13,43.838057,-79.080429,"1801 Valley Farm Rd, Pickering, ON L1V 0A5","https://www.google.com/maps/search/?api=1&query=Chartwell+Pickering+City+Centre+Retirement+Residence,+1801+Valley+Farm+Rd,+Pickering,+ON+L1V+0A5"
"Nursing home","Fiddick's Nursing Home Ltd",4.4,22,42.8778245,-82.1353138,"437 1st Ave, Petrolia, ON N0N 1R0","https://www.google.com/maps/search/?api=1&query=Fiddick's+Nursing+Home+Ltd,+437+1st+Ave,+Petrolia,+ON+N0N+1R0"
"Nursing home","Chartwell Wenleigh Long Term Care Residence",4.4,5,43.5248346,-79.6518933,"2065 Leanne Blvd, Mississauga, ON L5K 2L6","https://www.google.com/maps/search/?api=1&query=Chartwell+Wenleigh+Long+Term+Care+Residence,+2065+Leanne+Blvd,+Mississauga,+ON+L5K+2L6"
"Nursing home","Baywoods Place Long Term Place",4.4,9,43.2518042,-79.8569079,"330 Main St E, Hamilton, ON L8N 3T9","https://www.google.com/maps/search/?api=1&query=Baywoods+Place+Long+Term+Place,+330+Main+St+E,+Hamilton,+ON+L8N+3T9"
"Retirement home","Revera Leaside Retirement Residence",4.4,5,43.7093482,-79.3419099,"14 William Morgan Dr #10, East York, ON M4H 1E7","https://www.google.com/maps/search/?api=1&query=Revera+Leaside+Retirement+Residence,+14+William+Morgan+Dr+#10,+East+York,+ON+M4H+1E7"
"Retirement home","St David's Village",4.5,2,43.7408341,-79.2459647,"1290 Danforth Rd, Scarborough, ON M1J 3L9","https://www.google.com/maps/search/?api=1&query=St+David's+Village,+1290+Danforth+Rd,+Scarborough,+ON+M1J+3L9"
"Nursing home","Streetsville Care Community",4.5,2,43.5821184,-79.7053401,"1742 Bristol Rd W, Mississauga, ON L5M 1X9","https://www.google.com/maps/search/?api=1&query=Streetsville+Care+Community,+1742+Bristol+Rd+W,+Mississauga,+ON+L5M+1X9"
"Retirement home","Peel Manor Long Term Care Centre",4.5,2,43.700023,-79.7812433,"525 Main St N, Brampton, ON L6X 3C8","https://www.google.com/maps/search/?api=1&query=Peel+Manor+Long+Term+Care+Centre,+525+Main+St+N,+Brampton,+ON+L6X+3C8"
"Retirement home","Legion Wood Apartments",4.5,2,43.7880192,-79.5860281,"33 Thistlewood Av, Woodbridge, ON L4L 8V8","https://www.google.com/maps/search/?api=1&query=Legion+Wood+Apartments,+33+Thistlewood+Av,+Woodbridge,+ON+L4L+8V8"
"Retirement home","Scarborough Retirement Residence",4.5,15,43.7407688,-79.2187682,"148 Markham Rd, Scarborough, ON M1M 2Z8","https://www.google.com/maps/search/?api=1&query=Scarborough+Retirement+Residence,+148+Markham+Rd,+Scarborough,+ON+M1M+2Z8"
"Nursing home","CAMA Woodlands Long Term Care Home",4.5,8,43.309924,-79.8671885,"159 Panin Rd, Burlington, ON L7P 5A6","https://www.google.com/maps/search/?api=1&query=CAMA+Woodlands+Long+Term+Care+Home,+159+Panin+Rd,+Burlington,+ON+L7P+5A6"
"Retirement home","Maple Manor Nursing Home",4.5,2,42.8601926,-80.7297122,"73 Bidwell St, Tillsonburg, ON N4G 3T8","https://www.google.com/maps/search/?api=1&query=Maple+Manor+Nursing+Home,+73+Bidwell+St,+Tillsonburg,+ON+N4G+3T8"
"Retirement home","The Village of Humber Heights",4.5,8,43.6970527,-79.5265561,"2245 Lawrence Ave W, Etobicoke, ON M9P 3W3","https://www.google.com/maps/search/?api=1&query=The+Village+of+Humber+Heights,+2245+Lawrence+Ave+W,+Etobicoke,+ON+M9P+3W3"
"Retirement home","St. Marys Place",4.5,2,43.685222,-79.752365,"71 Mary St, Brampton, ON L6W 4P8","https://www.google.com/maps/search/?api=1&query=St.+Marys+Place,+71+Mary+St,+Brampton,+ON+L6W+4P8"
"Nursing home","Caressant Care Courtland",4.5,2,42.8310929,-80.6323941,"4850 Norfolk County Hwy 59, Courtland, ON N0J 1E0","https://www.google.com/maps/search/?api=1&query=Caressant+Care+Courtland,+4850+Norfolk+County+Hwy+59,+Courtland,+ON+N0J+1E0"
"Retirement home","Revera Rayoak Place Retirement Residence",4.6,5,43.7630244,-79.3199641,"1340 York Mills Rd, North York, ON M3A 3R1","https://www.google.com/maps/search/?api=1&query=Revera+Rayoak+Place+Retirement+Residence,+1340+York+Mills+Rd,+North+York,+ON+M3A+3R1"
"Nursing home","Cawthra Gardens Long Term Care Residence",4.6,11,43.5931702,-79.603731,"590 Lolita Gardens, Mississauga, ON L5A 4N8","https://www.google.com/maps/search/?api=1&query=Cawthra+Gardens+Long+Term+Care+Residence,+590+Lolita+Gardens,+Mississauga,+ON+L5A+4N8"
"Retirement home","Chartwell Trilogy Long Term Care Residence",4.6,8,43.7384348,-79.2386447,"340 McCowan Rd, Scarborough, ON M1J 3P4","https://www.google.com/maps/search/?api=1&query=Chartwell+Trilogy+Long+Term+Care+Residence,+340+McCowan+Rd,+Scarborough,+ON+M1J+3P4"
"Retirement home","Richmond Hill Retirement Residence",4.6,7,43.895517,-79.440368,"70 Bernard Ave, Richmond Hill, ON L4C 0K7","https://www.google.com/maps/search/?api=1&query=Richmond+Hill+Retirement+Residence,+70+Bernard+Ave,+Richmond+Hill,+ON+L4C+0K7"
"Nursing home","Burloak Long Term Care",4.6,8,43.3813672,-79.7390045,"5959 New St, Burlington, ON L7L 6W5","https://www.google.com/maps/search/?api=1&query=Burloak+Long+Term+Care,+5959+New+St,+Burlington,+ON+L7L+6W5"
"Retirement home","Chartwell Christopher Terrace Retirement Residence",4.6,21,43.3422367,-79.7818319,"3131 New St, Burlington, ON L7N 3P8","https://www.google.com/maps/search/?api=1&query=Chartwell+Christopher+Terrace+Retirement+Residence,+3131+New+St,+Burlington,+ON+L7N+3P8"
"Nursing home","Bradford Valley Care Community",4.6,10,44.0996711,-79.5724433,"2656 Line 6, Bradford, ON L3Z 2A4","https://www.google.com/maps/search/?api=1&query=Bradford+Valley+Care+Community,+2656+Line+6,+Bradford,+ON+L3Z+2A4"
"Retirement home","New Horizons Tower",4.6,9,43.6598642,-79.4361232,"1140 Bloor St W, Toronto, ON M6H 4E6","https://www.google.com/maps/search/?api=1&query=New+Horizons+Tower,+1140+Bloor+St+W,+Toronto,+ON+M6H+4E6"
"Nursing home","Bendale Acres Long-Term Care Home",4.6,11,43.7547085,-79.2512024,"2920 Lawrence Ave E, Scarborough, ON M1P 2T8","https://www.google.com/maps/search/?api=1&query=Bendale+Acres+Long-Term+Care+Home,+2920+Lawrence+Ave+E,+Scarborough,+ON+M1P+2T8"
"Retirement home","Chartwell Royal on Gordon Retirement Residence",4.6,13,43.5029996,-80.1936961,"1691 Gordon St, Guelph, ON N1L 1E1","https://www.google.com/maps/search/?api=1&query=Chartwell+Royal+on+Gordon+Retirement+Residence,+1691+Gordon+St,+Guelph,+ON+N1L+1E1"
"Nursing home","Copernicus Lodge",4.6,9,43.6405828,-79.4472251,"66 Roncesvalles Ave, Toronto, ON M6R 3A7","https://www.google.com/maps/search/?api=1&query=Copernicus+Lodge,+66+Roncesvalles+Ave,+Toronto,+ON+M6R+3A7"
"Retirement home","Rose of Sharon Korean Long Term Care",4.7,3,43.6858313,-79.4218141,"17 Maplewood Ave, York, ON M6C 4B3","https://www.google.com/maps/search/?api=1&query=Rose+of+Sharon+Korean+Long+Term+Care,+17+Maplewood+Ave,+York,+ON+M6C+4B3"
"Retirement home","Hampton Terrace Care Centre",4.7,3,43.3054219,-79.8555054,"75 Plains Road West, Burlington, ON L7T 1E8","https://www.google.com/maps/search/?api=1&query=Hampton+Terrace+Care+Centre,+75+Plains+Road+West,+Burlington,+ON+L7T+1E8"
"Retirement home","Fairwinds Lodge Retirement Residence",4.7,7,43.000504,-82.363605,"1218 Michigan Ave, Sarnia, ON N7S 6L1","https://www.google.com/maps/search/?api=1&query=Fairwinds+Lodge+Retirement+Residence,+1218+Michigan+Ave,+Sarnia,+ON+N7S+6L1"
"Retirement home","Revera The Williamsburg Retirement Residence",4.7,10,43.3925912,-79.7876676,"1893 Appleby Line, Burlington, ON L7L 0G5","https://www.google.com/maps/search/?api=1&query=Revera+The+Williamsburg+Retirement+Residence,+1893+Appleby+Line,+Burlington,+ON+L7L+0G5"
"Retirement home","The Village of Erin Meadows",4.7,28,43.5531136,-79.7214682,"2930 Erin Centre Blvd, Mississauga, ON L5M 7M4","https://www.google.com/maps/search/?api=1&query=The+Village+of+Erin+Meadows,+2930+Erin+Centre+Blvd,+Mississauga,+ON+L5M+7M4"
"Nursing home","Labdara Lithuanian Nursing Home",4.7,3,43.6437255,-79.5309217,"5 Resurrection Rd, Etobicoke, ON M9A 5G1","https://www.google.com/maps/search/?api=1&query=Labdara+Lithuanian+Nursing+Home,+5+Resurrection+Rd,+Etobicoke,+ON+M9A+5G1"
"Retirement home","Weston Gardens Retirement Residence",4.7,13,43.707585,-79.5022336,"303 Queens Dr, Toronto, ON M6L 3C1","https://www.google.com/maps/search/?api=1&query=Weston+Gardens+Retirement+Residence,+303+Queens+Dr,+Toronto,+ON+M6L+3C1"
"Retirement home","Caressant Care On Bonnie Place",4.7,3,42.7730511,-81.1616488,"15 Bonnie Pl, St Thomas, ON N5R 5T8","https://www.google.com/maps/search/?api=1&query=Caressant+Care+On+Bonnie+Place,+15+Bonnie+Pl,+St+Thomas,+ON+N5R+5T8"
"Retirement home","Park Avenue Manor Retirement Residence",4.7,3,43.304609,-79.851699,"924 Park Ave W, Burlington, ON L7T 1N7","https://www.google.com/maps/search/?api=1&query=Park+Avenue+Manor+Retirement+Residence,+924+Park+Ave+W,+Burlington,+ON+L7T+1N7"
"Retirement home","Alexis Lodge",4.7,7,43.7637104,-79.2886373,"707 Ellesmere Rd, Scarborough, ON M1P 2W1","https://www.google.com/maps/search/?api=1&query=Alexis+Lodge,+707+Ellesmere+Rd,+Scarborough,+ON+M1P+2W1"
"Nursing home","Langstaff Square Care Community",4.7,7,43.844319,-79.424494,"170 Red Maple Rd #2, Richmond Hill, ON L4B 4T8","https://www.google.com/maps/search/?api=1&query=Langstaff+Square+Care+Community,+170+Red+Maple+Rd+#2,+Richmond+Hill,+ON+L4B+4T8"
"Retirement home","Chartwell Gibson Retirement Residence",4.8,36,43.8077822,-79.3728224,"1955 Steeles Ave E, North York, ON M2H 3P1","https://www.google.com/maps/search/?api=1&query=Chartwell+Gibson+Retirement+Residence,+1955+Steeles+Ave+E,+North+York,+ON+M2H+3P1"
"Retirement home","Abbeylawn Manor Retirement Home",4.8,5,43.797693,-79.114258,"534 Rodd Ave, Pickering, ON L1W 2B2","https://www.google.com/maps/search/?api=1&query=Abbeylawn+Manor+Retirement+Home,+534+Rodd+Ave,+Pickering,+ON+L1W+2B2"
"Retirement home","Delmanor Northtown",4.8,9,43.7753965,-79.4141492,"5351 Yonge St, North York, ON M2N 7L5","https://www.google.com/maps/search/?api=1&query=Delmanor+Northtown,+5351+Yonge+St,+North+York,+ON+M2N+7L5"
"Retirement home","Chartwell Avondale Retirement Residence",4.8,14,43.6636477,-79.3298258,"1238 Queen St E, Toronto, ON M4L 1C3","https://www.google.com/maps/search/?api=1&query=Chartwell+Avondale+Retirement+Residence,+1238+Queen+St+E,+Toronto,+ON+M4L+1C3"
"Nursing home","Billings Court Manor",4.8,4,43.3643834,-79.7877719,"3700 Billings Ct, Burlington, ON L7N 3N6","https://www.google.com/maps/search/?api=1&query=Billings+Court+Manor,+3700+Billings+Ct,+Burlington,+ON+L7N+3N6"
"Retirement home","Chartwell Guildwood Retirement Residence",4.8,5,43.7462515,-79.2099108,"3730 Kingston Rd Unit 3, Scarborough, ON M1J 3H3","https://www.google.com/maps/search/?api=1&query=Chartwell+Guildwood+Retirement+Residence,+3730+Kingston+Rd+Unit+3,+Scarborough,+ON+M1J+3H3"
"Retirement home","The Briton House",4.8,30,43.706616,-79.389739,"720 Mt Pleasant Rd, Toronto, ON M4S 2N7","https://www.google.com/maps/search/?api=1&query=The+Briton+House,+720+Mt+Pleasant+Rd,+Toronto,+ON+M4S+2N7"
"Retirement home","Delmanor Wynford",4.8,30,43.7246237,-79.3261795,"187 Wynford Dr, North York, ON M3C 0C7","https://www.google.com/maps/search/?api=1&query=Delmanor+Wynford,+187+Wynford+Dr,+North+York,+ON+M3C+0C7"
"Nursing home","Advent Valleyview Residence",4.8,4,43.7708614,-79.4463658,"541 Finch Ave W, North York, ON M2R 3Y3","https://www.google.com/maps/search/?api=1&query=Advent+Valleyview+Residence,+541+Finch+Ave+W,+North+York,+ON+M2R+3Y3"
"Retirement home","Chartwell Constantia Retirement Residence",4.8,6,43.810059,-79.456596,"784 Centre St, Thornhill, ON L4J 9G7","https://www.google.com/maps/search/?api=1&query=Chartwell+Constantia+Retirement+Residence,+784+Centre+St,+Thornhill,+ON+L4J+9G7"
"Nursing home","Lakeside Long Term Care Centre",4.8,4,43.6366717,-79.4333453,"150 Dunn Ave, Toronto, ON M6K 2R6","https://www.google.com/maps/search/?api=1&query=Lakeside+Long+Term+Care+Centre,+150+Dunn+Ave,+Toronto,+ON+M6K+2R6"
"Retirement home","Ivan Frano Homes",4.8,5,43.5242469,-79.684069,"3058 Winston Churchill Blvd, Mississauga, ON L5L 3J1","https://www.google.com/maps/search/?api=1&query=Ivan+Frano+Homes,+3058+Winston+Churchill+Blvd,+Mississauga,+ON+L5L+3J1"
"Nursing home","Wesburn Manor",4.9,7,43.6437519,-79.5673627,"400 The West Mall, Etobicoke, ON M9C 5S1","https://www.google.com/maps/search/?api=1&query=Wesburn+Manor,+400+The+West+Mall,+Etobicoke,+ON+M9C+5S1"
"Nursing home","Castleview Wychwood Towers",4.9,15,43.673381,-79.4210042,"351 Christie St, Toronto, ON M6G 3C3","https://www.google.com/maps/search/?api=1&query=Castleview+Wychwood+Towers,+351+Christie+St,+Toronto,+ON+M6G+3C3"
"Retirement home","Chartwell Scarlett Heights Retirement Residence",4.9,27,43.6826677,-79.5202647,"4005 Eglinton Ave W, Etobicoke, ON M9A 5H3","https://www.google.com/maps/search/?api=1&query=Chartwell+Scarlett+Heights+Retirement+Residence,+4005+Eglinton+Ave+W,+Etobicoke,+ON+M9A+5H3"
"Nursing home","Hill House Hospice",4.9,11,43.8773015,-79.4406082,"36 Wright St, Richmond Hill, ON L4C 4A1","https://www.google.com/maps/search/?api=1&query=Hill+House+Hospice,+36+Wright+St,+Richmond+Hill,+ON+L4C+4A1"
"Nursing home","Grove Park Home",4.9,8,44.405894,-79.669103,"234 Cook St, Barrie, ON L4M 4H5","https://www.google.com/maps/search/?api=1&query=Grove+Park+Home,+234+Cook+St,+Barrie,+ON+L4M+4H5"
"Nursing home","Dorothy Ley Hospice",4.9,8,43.608286,-79.5604777,"220 Sherway Dr, Etobicoke, ON M9C 5N6","https://www.google.com/maps/search/?api=1&query=Dorothy+Ley+Hospice,+220+Sherway+Dr,+Etobicoke,+ON+M9C+5N6"
"Retirement home","Retirement Suites By The Lake",4.9,8,43.7003289,-79.2545121,"2121 Kingston Rd, Scarborough, ON M1N 1T5","https://www.google.com/maps/search/?api=1&query=Retirement+Suites+By+The+Lake,+2121+Kingston+Rd,+Scarborough,+ON+M1N+1T5"
"Nursing home","Oleander Floral Design",4.9,35,43.6486238,-79.5064878,"2902 Bloor St W, Etobicoke, ON M8X 1B5","https://www.google.com/maps/search/?api=1&query=Oleander+Floral+Design,+2902+Bloor+St+W,+Etobicoke,+ON+M8X+1B5"
"Retirement home","St.Clair O'Connor Community",5.0,8,43.7054623,-79.3119669,"2701 St Clair Ave E, East York, ON M4B 1M5","https://www.google.com/maps/search/?api=1&query=St.Clair+O'Connor+Community,+2701+St+Clair+Ave+E,+East+York,+ON+M4B+1M5"
"Retirement home","Ivan Franko Ukrainian Home",5.0,2,43.6377092,-79.5067342,"767 Royal York Rd, Etobicoke, ON M8Y 2T3","https://www.google.com/maps/search/?api=1&query=Ivan+Franko+Ukrainian+Home,+767+Royal+York+Rd,+Etobicoke,+ON+M8Y+2T3"
"Nursing home","EPICITI - Mobile Dental Care",5.0,4,43.8978129,-79.427734,"561 Edward Ave #15, Richmond Hill, ON L4C 9W6","https://www.google.com/maps/search/?api=1&query=EPICITI+-+Mobile+Dental+Care,+561+Edward+Ave+#15,+Richmond+Hill,+ON+L4C+9W6"
"Retirement home","Chartwell Rouge Valley Retirement Residence",5.0,6,43.891231,-79.267438,"5958 16th Ave, Markham, ON L3P 8N1","https://www.google.com/maps/search/?api=1&query=Chartwell+Rouge+Valley+Retirement+Residence,+5958+16th+Ave,+Markham,+ON+L3P+8N1"
"Retirement home","Wawel Villa Seniors Home",5.0,4,43.5133804,-79.6213773,"880 Clarkson Road South, Mississauga, ON L5J 4N4","https://www.google.com/maps/search/?api=1&query=Wawel+Villa+Seniors+Home,+880+Clarkson+Road+South,+Mississauga,+ON+L5J+4N4"
"Retirement home","Greenwood Retirement Communities",5.0,3,43.7060936,-79.3985706,"2200 Yonge St #805, Toronto, ON M4S 2B8","https://www.google.com/maps/search/?api=1&query=Greenwood+Retirement+Communities,+2200+Yonge+St+#805,+Toronto,+ON+M4S+2B8"
"Retirement home","Villa Colombo",5.0,4,43.7106152,-79.4566326,"40 Playfair Ave, North York, ON M6B 2P9","https://www.google.com/maps/search/?api=1&query=Villa+Colombo,+40+Playfair+Ave,+North+York,+ON+M6B+2P9"
"Retirement home","Queens Estate Retirement Residence - Metta Lifestyles",5.0,4,43.7072091,-79.504315,"265 Queens Dr, North York, ON M6L 3C6","https://www.google.com/maps/search/?api=1&query=Queens+Estate+Retirement+Residence+-+Metta+Lifestyles,+265+Queens+Dr,+North+York,+ON+M6L+3C6"
"Retirement home","Southbrook Retirement Community",5.0,13,43.65401,-79.732213,"400 Ray Lawson Blvd, Brampton, ON L6Y 4G4","https://www.google.com/maps/search/?api=1&query=Southbrook+Retirement+Community,+400+Ray+Lawson+Blvd,+Brampton,+ON+L6Y+4G4"
"Retirement home","Imo's Sunnyside Retirement Home Brampton",5.0,5,43.665295,-79.755437,"97 Curtis Dr, Brampton, ON L6Y 2J6","https://www.google.com/maps/search/?api=1&query=Imo's+Sunnyside+Retirement+Home+Brampton,+97+Curtis+Dr,+Brampton,+ON+L6Y+2J6"
"Nursing home","Mon Sheong Scarborough LTC",5.0,5,43.8126825,-79.3018009,"2030 McNicoll Ave, Scarborough, ON M1V 5P4","https://www.google.com/maps/search/?api=1&query=Mon+Sheong+Scarborough+LTC,+2030+McNicoll+Ave,+Scarborough,+ON+M1V+5P4"
"Retirement home","Martindale Gardens Retirement Residence",5.0,5,43.5146114,-79.8834434,"45 Martin St, Milton, ON L9T 2R1","https://www.google.com/maps/search/?api=1&query=Martindale+Gardens+Retirement+Residence,+45+Martin+St,+Milton,+ON+L9T+2R1"
"Nursing home",Suomi-Koti,5.0,5,43.7130489,-79.3660853,"795 Eglinton Ave E, East York, ON M4G 2L1","https://www.google.com/maps/search/?api=1&query=Suomi-Koti,+795+Eglinton+Ave+E,+East+York,+ON+M4G+2L1"
"Nursing home","Maynard Nursing Home",5.0,4,43.648947,-79.419154,"28 Halton St, Toronto, ON M6J 1R3","https://www.google.com/maps/search/?api=1&query=Maynard+Nursing+Home,+28+Halton+St,+Toronto,+ON+M6J+1R3"
"Retirement home","Yee Hong Garden Terrace u9824u7fe0u5712",5.0,2,43.8102049,-79.253058,"90 Scottfield Dr, Scarborough, ON M1S 5W4","https://www.google.com/maps/search/?api=1&query=Yee+Hong+Garden+Terrace+u9824u7fe0u5712,+90+Scottfield+Dr,+Scarborough,+ON+M1S+5W4"
"Retirement home","Port Credit Residences",5.0,5,43.556748,-79.583428,"33 Hurontario St, Mississauga, ON L5G 3G8","https://www.google.com/maps/search/?api=1&query=Port+Credit+Residences,+33+Hurontario+St,+Mississauga,+ON+L5G+3G8"
"Nursing home","Isabel And Arthur Meighen Manor",5.0,5,43.6999924,-79.3925394,"155 Millwood Rd, Toronto, ON M4S 1J6","https://www.google.com/maps/search/?api=1&query=Isabel+And+Arthur+Meighen+Manor,+155+Millwood+Rd,+Toronto,+ON+M4S+1J6"
"Nursing home","Vermont Square",5.0,2,43.6683477,-79.4127323,"914 Bathurst St, Toronto, ON M5R 3G5","https://www.google.com/maps/search/?api=1&query=Vermont+Square,+914+Bathurst+St,+Toronto,+ON+M5R+3G5"
"Retirement home","Bramalea Retirement Residence",5.0,15,43.716682,-79.7250017,"30 Peel Centre Dr, Brampton, ON L6T 4G3","https://www.google.com/maps/search/?api=1&query=Bramalea+Retirement+Residence,+30+Peel+Centre+Dr,+Brampton,+ON+L6T+4G3"
"Nursing home","Lakeshore Lodge",5.0,6,43.5970731,-79.5185129,"3197 Lake Shore Blvd W, Etobicoke, ON M8V 3X5","https://www.google.com/maps/search/?api=1&query=Lakeshore+Lodge,+3197+Lake+Shore+Blvd+W,+Etobicoke,+ON+M8V+3X5"
"Nursing home","Westgate Lodge",5.0,3,44.1470119,-77.4062,"37 Wilkie St, Belleville, ON K8P 4E4","https://www.google.com/maps/search/?api=1&query=Westgate+Lodge,+37+Wilkie+St,+Belleville,+ON+K8P+4E4"
"Retirement home","L'Chaim Retirement Homes Inc",5.0,3,43.7542467,-79.4453437,"718 Sheppard Ave W, North York, ON M3H 2S6","https://www.google.com/maps/search/?api=1&query=L'Chaim+Retirement+Homes+Inc,+718+Sheppard+Ave+W,+North+York,+ON+M3H+2S6"
"Retirement home","Chartwell Heritage Glen Retirement Residence",5.0,11,43.5829764,-79.7525197,"6515 Glen Erin Dr, Mississauga, ON L5N 8P9","https://www.google.com/maps/search/?api=1&query=Chartwell+Heritage+Glen+Retirement+Residence,+6515+Glen+Erin+Dr,+Mississauga,+ON+L5N+8P9"
"Retirement home","Vera Davis Centre",5.0,3,43.8735298,-79.7242531,"80 Allan Dr, Bolton, ON L7E 1P7","https://www.google.com/maps/search/?api=1&query=Vera+Davis+Centre,+80+Allan+Dr,+Bolton,+ON+L7E+1P7"
"Nursing home","The Heritage Nursing Home",5.0,5,43.6628231,-79.3312953,"1195 Queen St E, Toronto, ON M4M 1L6","https://www.google.com/maps/search/?api=1&query=The+Heritage+Nursing+Home,+1195+Queen+St+E,+Toronto,+ON+M4M+1L6"
"Retirement home","Palermo Village Retirement Residence",5.0,4,43.4316444,-79.7798497,"3136 Dundas St W, Oakville, ON L6M 0S5","https://www.google.com/maps/search/?api=1&query=Palermo+Village+Retirement+Residence,+3136+Dundas+St+W,+Oakville,+ON+L6M+0S5"
"Retirement home","Terra Nova",5.0,2,43.6492214,-79.4254193,"1289 Dundas St W, Toronto, ON M6J 3S2","https://www.google.com/maps/search/?api=1&query=Terra+Nova,+1289+Dundas+St+W,+Toronto,+ON+M6J+3S2"
"Retirement home","Queens Avenue Retirement Residence",5.0,4,43.46395,-79.6888853,"1056 Queens Ave, Oakville, ON L6H 6R3","https://www.google.com/maps/search/?api=1&query=Queens+Avenue+Retirement+Residence,+1056+Queens+Ave,+Oakville,+ON+L6H+6R3"
"Nursing home","Kristus Darzs Latvian Home",5.0,2,43.8714057,-79.5952393,"11290 Pine Valley Dr, Woodbridge, ON L4L 1A6","https://www.google.com/maps/search/?api=1&query=Kristus+Darzs+Latvian+Home,+11290+Pine+Valley+Dr,+Woodbridge,+ON+L4L+1A6"
"Retirement home","Mon Sheong Care Complex",5.0,2,43.9019589,-79.4439114,"11211 Yonge St Building B, Richmond Hill, ON L4S 0E9","https://www.google.com/maps/search/?api=1&query=Mon+Sheong+Care+Complex,+11211+Yonge+St+Building+B,+Richmond+Hill,+ON+L4S+0E9"
"Retirement home","Patronato Inca Scarborough",5.0,2,43.7869243,-79.328973,"2760 Victoria Park Ave, North York, ON M2J 4A8","https://www.google.com/maps/search/?api=1&query=Patronato+Inca+Scarborough,+2760+Victoria+Park+Ave,+North+York,+ON+M2J+4A8"
"Retirement home","Revera Churchill Place Retirement Residence",5.0,8,43.4494237,-79.66591,"345 Church St, Oakville, ON L6J 7G4","https://www.google.com/maps/search/?api=1&query=Revera+Churchill+Place+Retirement+Residence,+345+Church+St,+Oakville,+ON+L6J+7G4"
"Retirement home","Meighen Retirement Residence",5.0,2,43.699497,-79.3930669,"84 Davisville Ave, Toronto, ON M4S 1G1","https://www.google.com/maps/search/?api=1&query=Meighen+Retirement+Residence,+84+Davisville+Ave,+Toronto,+ON+M4S+1G1"
"Nursing home","Fosterbrooke Long Term Care",5.0,2,43.9164863,-78.5952847,"330 King Ave W, Newcastle, ON L1B 1G9","https://www.google.com/maps/search/?api=1&query=Fosterbrooke+Long+Term+Care,+330+King+Ave+W,+Newcastle,+ON+L1B+1G9"
"Retirement home","Seasons Retirement Communities",5.0,5,43.237536,-79.71604,"8 Shoreview Pl, Hamilton, ON L8E 0J6","https://www.google.com/maps/search/?api=1&query=Seasons+Retirement+Communities,+8+Shoreview+Pl,+Hamilton,+ON+L8E+0J6"
"Nursing home","Mount Nemo Christian Nursing Home",5.0,2,43.4027268,-79.8754286,"4486 Guelph Line entrance, off no 2, Burlington, ON L7P 0N2","https://www.google.com/maps/search/?api=1&query=Mount+Nemo+Christian+Nursing+Home,+4486+Guelph+Line+entrance,+off+no+2,+Burlington,+ON+L7P+0N2"
"Retirement home","Chartwell Regency Retirement Residence",5.0,20,43.5491512,-79.5908546,"29 Mississauga Rd N, Mississauga, ON L5H 2H7","https://www.google.com/maps/search/?api=1&query=Chartwell+Regency+Retirement+Residence,+29+Mississauga+Rd+N,+Mississauga,+ON+L5H+2H7"
